program_name,university,region,tier,duration,language,degree_type,internship_required,thesis_required,scholarship,other_info,pros,cons,admission_preference,admission_data_count,admission_data,application_notes,other_notes
Cambridge ACS,Cambridge,英国,T0,9个月,EN,Mphil,否,是,剑桥提供少量奖学金，较难获得,null,"* 优异的QS排名和国内名声
    * 剑桥是一个安全美丽的城市，剑桥大学也有着独特的历史文化
    * 有少部分机会可以成为剑桥Phd
    ","* 学制短，不到一年的时间可能无法满足部分城市留学生户口政策
    ",每年都有陆本同学录取，并未察觉明显海本偏好。,1,"[{'录取时间': '23fall', '录取结果': 'AD', '学校（档次）': '陆本Top15', '本科专业': 'CS', 'GPA/Rank': '3.9/4.0', '科研经历': '1段校内；1段海外', '实习经历': '2段国内大厂', '其他（语言/推荐信）': 'T105'}]","* 语言未达到可以先等offer，如果录取后面再补交（据说参加剑桥英语考核可能相对容易）
    * 1000字符的SOP，差不多150个单词就能填满
    * 研究计划的写作需要关注，老师面试可能会提出相关问题",* 有面试的话，是能被录取的积极信号，可以去小红书/一亩三分地查看面经
Cambridge MLMI,Cambridge,英国,T0,11月,EN,Mphil,否,是,剑桥提供少量奖学金，较难获得,null,"* 优异的QS排名和国内名声
    * 剑桥是一个安全美丽的城市，剑桥大学也有着独特的历史文化
    * 有少部分机会可以成为剑桥Phd
    ","* 11个月，学制短，不到一年的时间可能无法满足部分城市留学生户口政策
    ",每年都有陆本同学录取，并未察觉明显海本偏好。,0,null,"* 语言未达到可以先等offer，如果录取后面在补交（据说参加剑桥英语考核可能相对容易）
    * 1000字符的SOP，差不多150个单词就能填满",null
EPFL MSCS,EPFL,欧洲,T0,2~3年,EN,MSc in Computer Science,是,是,IC research scholarship & EPFL excellence fellowship (在申请时勾选，且均难以获得),null,"* 优异的QS排名和国际名誉，全球顶尖CS实验室
    * 自带瑞士实习，提升留瑞工作几率
    * 变态且扎实的课业难度
    * 学费便宜
    * 日内瓦湖风景不错，较为安全，到其他国家游玩方便（如果你还能有时间玩）    
    ","* 洛桑相对高昂的生活成本（但相对苏黎世会好一些）
    ","23fall EPFL录取难度较高，更倾向海本。相对于ETHz，EPFL对课程匹配度没有那么看重，但由于招生数量限制，每年的bar起伏较大。

    陆本录取者的大致背景是华五以上并且能够获得美国优异offer的牛人。",1,"[{'录取时间': '23Fall', '录取结果': 'AD', '学校（档次）': '陆本Top5', '本科专业': 'CS', 'GPA/Rank': '91.61/100', '科研经历': '2段校内', '实习经历': '无', '其他（语言/推荐信）': 'TOEFL 104 (S23), GRE 329 + 4'}]","* EPFL的推荐人不可更换（由于申请网站很垃圾），请一定得找100%能给你些推荐信的老师（虽然只有两份推荐信EPFL也会审理你的材料）。
    * 提交申请后才会给推荐人发送推荐信链接，且一旦提交申请，材料不可补交。因而需要仔细斟酌提交申请的时间（由于申请截止日期临近西方国家圣诞假期，需要国外推荐人的小伙伴尤其需要斟酌提交申请的时间）。
    * EPFL会要求推荐人提交对被推荐人排名的预估，建议提前告知推荐人自己的排名。",null
ETH Cyber Security,ETH,欧洲,T0,2~3年,EN,Master in Cyber Security,null,是,ESOP,null,"* 优异的QS排名和国际名誉，全球顶尖CS实验室
    * 变态且扎实的课业难度
    * 学费便宜（1kCHF左右）
    * 瑞士风景不错，较为安全，到其他国家游玩方便（如果你还能有时间玩）
    ",null,* 该项目录取人数相对CS和DS较少，课程匹配要求和CS一样。,2,"[{'录取时间': '23Fall', '录取结果': 'AD', '学校（档次）': '陆本Top15', '本科专业': 'CS', 'GPA/Rank': '3.94/4.0', '科研经历': '三段校内', '实习经历': '无', '其他（语言/推荐信）': 'IELTS 7.5(6.5), GRE 330+4'}, {'录取时间': '23Fall', '录取结果': 'AD', '学校（档次）': '陆本Top5', '本科专业': 'CS', 'GPA/Rank': '91.61/100', '科研经历': '2段校内', '实习经历': '无', '其他（语言/推荐信）': 'TOEFL 104 (S23), GRE 329 + 4'}]",* 高中毕业证明的一种处理办法是拿到本地公证处进行中英文公证,null
ETH MSCS,ETH,欧洲,T0,2~3年,EN,Master of Computer Science,否,是,ESOP奖学金（难以获得）,null,"* 优异的QS排名和国际名誉，全球顶尖CS实验室
    * 变态且扎实的课业难度
    * 学费便宜（1kCHF左右）
    * 瑞士风景不错，较为安全，到其他国家游玩方便（如果你还能有时间玩）
    ","* 没有自带实习，瑞士实习/工作难度较高
    * 苏黎世生活成本较高
    ","* 对于陆本部分学校而言，如果你校每年有有人录取这个项目（假设人数为N)。如果你在今年你们学校的申请者中，学分绩排名在前N名，则有一定几率录取。
    * 非常看重你的学校层次、课业成绩（GPA）以及你与该项目的课程匹配程度（这一点对欧洲大部分项目都适用），而科研、实习和推荐信则属于锦上添花。",5,"[{'录取时间': '24Fall', '录取结果': 'AD', '学校（档次）': '陆本某年轻双非', '本科专业': 'CS', 'GPA/Rank': '3.97/4.0', '科研经历': '1段校内1段海外', '实习经历': '无', '其他（语言/推荐信）': 'T105, MIT教授强推'}, {'录取时间': '23fall', '录取结果': 'AD', '学校（档次）': '陆本Top15', '本科专业': 'CS', 'GPA/Rank': '3.9/4.0', '科研经历': '1段校内；1段海外', '实习经历': '2段国内大厂', '其他（语言/推荐信）': 'T105'}, {'录取时间': '23Fall', '录取结果': 'AD', '学校（档次）': '陆本Top15', '本科专业': 'CS', 'GPA/Rank': '3.94/4.0', '科研经历': '三段校内', '实习经历': '无', '其他（语言/推荐信）': 'IELTS 7.5(6.5), GRE 330+4'}, {'录取时间': '23Fall', '录取结果': 'AD', '学校（档次）': '陆本Top15', '本科专业': 'CS', 'GPA/Rank': '92.05/100', '科研经历': '2段校内', '实习经历': '2段国内大厂', '其他（语言/推荐信）': 'IELTS 7.5(6.5), GRE 323+3'}, {'录取时间': '23Fall', '录取结果': 'AD', '学校（档次）': '陆本Top5', '本科专业': 'CS', 'GPA/Rank': '91.61/100', '科研经历': '2段校内', '实习经历': '无', '其他（语言/推荐信）': 'TOEFL 104 (S23), GRE 329 + 4'}]","* 该项目申请无需提交课程描述
    * 高中毕业证明的一种处理办法是拿到本地公证处进行中英文公证",null
ETH MSDS,ETH,欧洲,T0,2~3年,EN,Master in Data Science,否,是,ESOP,null,"* 优异的QS排名和国际名誉，全球顶尖CS实验室
    * 变态且扎实的课业难度
    * 学费便宜（1kCHF左右）
    * 瑞士风景不错，较为安全，到其他国家游玩方便（如果你还能有时间玩）
    ",null,"* 更偏好有数学、统计等背景的同学。
    * 23fall有同时申请CS和DS的同学也能够双双拿到录取。",2,"[{'录取时间': '23Fall', '录取结果': 'AD', '学校（档次）': '陆本Top15', '本科专业': 'CS', 'GPA/Rank': '3.94/4.0', '科研经历': '三段校内', '实习经历': '无', '其他（语言/推荐信）': 'IELTS 7.5(6.5), GRE 330+4'}, {'录取时间': '23Fall', '录取结果': 'AD', '学校（档次）': '陆本Top2', '本科专业': 'IE', 'GPA/Rank': '3.90/4.0', '科研经历': '两段', '实习经历': '一段', '其他（语言/推荐信）': 'TOEFL 106 (S21), GRE 330+4'}]",* 高中毕业证明的一种处理办法是拿到本地公证处进行中英文公证,null
Oxford ACS,Oxford,英国,T0,一年,EN,MSc in Advanced Computer Science,否,是,牛津提供少量奖学金，难以获得,null,"* 优异的QS排名和国内名声
    * 牛津是一个安全美丽的城市，牛津大学也有着独特的历史文化
    ","* 32760英镑的国际学生学费
    * 英国就业相对困难
    ",有一定的海本录取偏好，招人相对剑桥的ACS似乎人数会更加保守。,1,"[{'录取时间': '23Fall', '录取结果': 'AD', '学校（档次）': 'LMU Munich', '本科专业': 'CS+NLP', 'GPA/Rank': '1.14/1.0', '科研经历': '1段校内', '实习经历': '无', '其他（语言/推荐信）': '无雅无G'}]","* 语言未达到可以先等offer，如果录取后面再补交
    * 牛津的文书可能是我见过要求最多的文书 :(",* 有面试的话，是能被录取的积极信号，请认真准备。
UCL CSML MSc,UCL,英国,T0,null,null,null,null,null,null,null,null,null,null,0,null,null,null
EPFL MSDH,EPFL,欧洲,T0.5,2~3年,EN,MSc in Digital Humanities,是,是,IC research scholarship & EPFL excellence fellowship (在申请时勾选，且均难以获得),null,"* 优异的QS排名和国际名誉
    * 自带瑞士实习，提升留瑞工作几率
    * 学费便宜
    * 录取门槛可能比EPFL MSCS低不少（待完善录取数据）
    * EPFL选课较为自由，这个项目也能选不少CS课
    * 日内瓦湖风景不错，较为安全，到其他国家游玩方便（如果你还能有时间玩）    
    ","* 开设在College of Humanities而非CS系下面
    * title不如MSCS好看，看起来没那么硬核
    * 仅适合喜欢数字人或者相关图形娱乐技术的同学
    ",23fall有武大华科同层次学校的CS同学被录取。,0,null,null,null
Aalto CS,Aalto,欧洲,T1,2年,EN,Master of Science (Technology),否,是,全奖，半奖，全奖+5000欧,null,"- **申请条件**：需连续持有 **A级 permit 4 年** 。
    - **学生签证和伴侣签证**：学生签为 A类 permit，计入，伴侣签证也为A类，计入。
    - **Job Seeker 签证：**
        - 有效期最长**两年（可拆三阶段，每段 ≥6个月）**，也属于 **A 类 permit。**
        - 全职/兼职工作均可，无行业或雇主限制；可当作创业许可证使用 。
        - 配偶仍保留其 **A 类权限与工作权**，完全同步。
        - **不需维持工作状况**，签证不会因无工作而被直接撤销；
        - 但在续签 Job Seeker permit（最多三次，共两年）时，需要证明“仍在积极找工作”与“有足够生活资金”（约 €800/月） 。    * 师生比45/500（手动计算有所误差，如有官方数据以官方为准）
    * HCI神校，校内众多HCI大佬
    * 芬兰居留政策北欧最佳（上学时期算）
    * 学校行政效率高
    * 课程选择性大，覆盖范围面广
    * 奖学金多且往年门槛低
    * 学生会协调宿舍，基本都能排到比较物美价廉的
    ","* 每门课5学分，一学期需要30学分，项目内容较多
    * 芬兰就业情况较差，无大型知名IT公司，找实习难度很大
    ","根据23fall申请，录取标准基本为985，均分85+
    由于竞争过大，加入要求GPA3.5/4.0",0,null,"可以申请2个项目，反正不要钱，不投白不投
    注意提前修改好文件格式 文件类型-名字 如CV-LI-Hua.pdf",23fall奖学金bar变得极高，往年半奖的bg今年大多数无奖
Aalto HCI,Aalto,欧洲,T1,null,null,null,null,null,null,null,null,null,null,0,null,今年新加入要求GPA ≥ 3.5/4.0,null
Aalto MLDSAI,Aalto,欧洲,T1,null,null,null,null,null,null,null,null,null,null,0,null,null,null
Edinburgh AI,Edinburgh,英国,T1,null,null,null,null,null,null,null,null,null,null,0,null,null,null
IC AC,IC,英国,T1,1年,EN,MSc Advanced Computing,否,是,少量奖学金，难以获得,null,"* 优异的QS排名和国内名誉
    * 伦敦是一个美丽且富有人文气息的城市，找工和实习机会相对更为丰富
    * 少量成为IC博士学生的机会
    ","* 39400英镑的学费+伦敦高昂的生活成本
    * UK找工作有一定难度，许多同学选择回国工作
    ","* 早提交申请，非常有优势。
    * 给你发送选课邮件可能是你会被录取的一个积极信号。
    * 相较于LoR、语言成绩和PS，GPA是一个更加重要的考虑因素",3,"[{'录取时间': '23fall', '录取结果': 'AD', '学校（档次）': '陆本Top15', '本科专业': 'CS', 'GPA/Rank': '3.9/4.0', '科研经历': '1段校内；1段海外', '实习经历': '2段国内大厂', '其他（语言/推荐信）': 'T105'}, {'录取时间': '23Fall', '录取结果': 'AD', '学校（档次）': '陆本Top15', '本科专业': 'CS', 'GPA/Rank': '92.05/100', '科研经历': '2段校内', '实习经历': '2段国内大厂', '其他（语言/推荐信）': 'IELTS 7.5(6.5), GRE 323+3'}, {'录取时间': '23Fall', '录取结果': 'AD', '学校（档次）': 'LMU Munich', '本科专业': 'CS+NLP', 'GPA/Rank': '1.14/1.0', '科研经历': '1段校内', '实习经历': '无', '其他（语言/推荐信）': '无雅无G'}]","* IC申请系统印象里挺丝滑的
    * 2封推荐信，可以向推荐人发送推荐信链接后继续修改和追加文件
    * 项目无面试",* 发offer之后有一个月时间决定，确定offer之后可以有一个月时间交留位费，交留位费的时间甚至可以找部门相关人员延迟
IC AIML,IC,英国,T1,1年,EN,MRes Artificial Intelligence and Machine Learning,否,是,少量奖学金，难以获得,null,"* 优异的QS排名和国内名誉
    * 伦敦是一个美丽且富有人文气息的城市，找工和实习机会相对更为丰富
    * 少量成为IC博士学生的机会
    ","* 42,600英镑的学费+伦敦高昂的生活成本
    * UK找工作有一定难度，许多同学选择回国工作
    ",null,1,"[{'录取时间': '25fall', '录取结果': 'AD', '学校（档次）': '国内211', '本科专业': '软件工程', 'GPA/Rank': '3.9/4', '科研经历': '3段无产出', '实习经历': '3段', '其他（语言/推荐信）': '/'}]",* 往年该项目需要提前陶瓷导师，但是25fall变更了申请方式，改为提交一页的rp,null
KTH MSCS,KTH,欧洲,T1,2年,EN,CS Msc,否,是,全奖（难以获得）,null,"* 有着非常丰富的track可以选择，KTH学业压力不小
    * 良好的移民和找工环境
    * 得益于KTH在中国的热情宣传，国内名声不错
    * 可能在瑞典就读phd的机会(你会获得高昂的工资！)
    * 如果被3+2录取，可以更快的毕业
    * 瑞典电子支付普及率很高
    * 斯德哥尔摩水果、肉类非常新鲜
    * 斯德哥尔摩大部分地区比较安全（有安全区域的地图）
    * 第二年成绩优异有奖学金（免第二年学费）
    * 有校内宿舍，且重视中国学生，录取到报道流程无比丝滑
    
        - **申请永久居留条件**：通常需持有有效居留许可累计 **5 年** 。
        - **普通路径**：需累计 5 年合法居留，配偶签等可与工作/博士签混合计入总时长。
        - **学生签证是否计入？**：硕士学生签一般 **不计入**普通 PR 居留时间，**博士生许可计入**。
        - **注意**：2026 年起拟调整缩短居留要求至 8 年（包括所有 permit 类型） 。
    - **学生签证和伴侣签证：**
        - **时长＆续签**：硕士课程为 1–2 年，首签通常 13 个月，必要可续签 。
        - **工作权**：国际学生在硕士期间**有权工作**，无需额外工签 。
        - **配偶资格**：作为学生主签，配偶可**在任何时间点申请或一并申请居留许可**，条件是主申请人签证有效期超过 3 个月 。
        - 财务要求：需每位成人 SEK 4,297.50/月（最新版） 。
    - **毕业后：找工作居留签（Job Seeker Permit）**
        - **适用人群**：完成高等教育（硕士以上）并持 study permit 的人 。
        - **时效与续签**：通常可申请为 **最长 12 个月**，不可续签；需完成后申请工作签或配偶签。
        - **工作权**：期间可**全职或兼职**工作，无需另办工签。
        - **配偶权利**：配偶可**同期申请居留**，与主签享有相同权利 。","* 相对高昂的学费SEK 310,000（接近20wRMB)
    * 冬季缺少日照，容易心情不好的同学请谨慎（学校设置阳光屋）
    * 学校CS相关项目众多，师生比近80/900(手动测算有所误差)
    ","23fall该项目申请异常激烈，有同学被ETH录取但进入了KTH的waiting list。
    23fall有全职经验的同学获得录取，不确定是否有相关倾向。",0,null,"* 一份申请费最多可以申请四个项目，不要浪费
    * 需要自己上传推荐信，国外教授可能不乐意",* 奖学金全奖会考虑本科学校QS排名
KTH MSML,KTH,欧洲,T1,2年,EN,ML Msc,否,是,全奖（难以获得）,null,"* 扎实的ML知识培养，KTH学业压力不小
    * 良好的移民和找工环境
    * 可能在瑞典就读phd的机会(你会获得高昂的工资！)
    * 得益于KTH在中国的热情宣传，国内名声不错
    * 如果被3+2录取，可以更快的毕业    
    * 瑞典电子支付普及率很高
    * 斯德哥尔摩水果、肉类非常新鲜
    * 斯德哥尔摩大部分地区比较安全（有安全区域的地图）
    ","* 相对高昂的学费SEK 310,000（接近20wRMB)
    * 冬季缺少日照，容易心情不好的同学请谨慎（学校设置阳光屋）
    ",ML项目的竞争和CS项目相当（甚至更加激烈）,0,null,"* 一份申请费最多可以申请四个项目，不要浪费
    * 需要自己上传推荐信，国外教授可能不乐意",* 奖学金全奖会考虑本科学校QS排名
Polimi CSE,Polimi,欧洲,T1,2年,EN,Master of Science,否,是,1w/8k欧,可申请DSU助学金,"* 没有学费，每年4k注册费（DSU可免除）
    * DSU助学金基本人人都有，最高额每年7k欧+每天5欧餐饮补贴，并且有低廉宿舍补贴
    * 交换项目众多，并且每月有600欧左右生活补贴
    * 学校在欧洲声誉较好，升学较容易","* 项目课程设置偏理论，强度较大，一般2.5-3年毕业
    * 意大利IT产业不发达，很多同学去外国实习做thesis
    * 米兰治安较差
    ",看重课程匹配和本科层次，985优先录取,1,"[{'录取时间': '24Fall', '录取结果': 'AD', '学校（档次）': '华五', '本科专业': 'CS', 'GPA/Rank': '3.2', '科研经历': '2段校内', '实习经历': '无', '其他（语言/推荐信）': 'IELTS7(6), 两封校内老板'}]","* 网申系统较古董，容易崩溃
    * 知乎上有完整的DIY流程",24Fall bar暴涨
TUD MSCESE,TUD,欧洲,T1,2,EN,MSc in Computer and Embedded System Engineering,是,是,可以申TUD的奖学金,null,"
    * 良好的QS排名和国际名誉
    * 变态且扎实的课业难度
    * 荷兰提供欧洲中相对不错的找工作环境和移民政策
    * 代尔夫特的樱花据说非常好看
    * 花费相对较低，每年在25w以内
    * 荷兰较为安全，去周边国家玩很方便
    * 荷兰本地英语普及率超高，日常交流用英语没有障碍
    * 本项目是由原来的computer engineering和embedded system合并而来，课程设置非常偏向体系结构，比较适合想做偏向底层的同学申请","
    * 学费相较于某些欧洲国家较贵（€ 20.560,00）
    * 荷兰常年刮风下雨，阴晴不定，可能会让人心情变糟（适合喜欢下雨的人居住）
    * 一年四个学期，考试频繁，学业比较大
    * 若想获得永居，可能需要学习荷兰语，并且很多路标、超市商品名等均为荷兰语
    * 相比原来的CE项目选课自由度降低了很多",null,0,null,null,null
TUD MSCS,TUD,欧洲,T1,2年,EN,CS Msc,否,是,可申请,null,"* 良好的QS排名和国际名誉
    * 变态且扎实的课业难度
    * 荷兰提供欧洲中相对不错的找工作环境和移民政策
    * 代尔夫特的樱花据说非常好看
    * 花费相对较低，每年在25w以内
    * 荷兰较为安全，去周边国家玩很方便
    * 荷兰本地英语普及率超高，日常交流用英语没有障碍
    ","* 学费相较于某些欧洲国家较贵（€ 20.560,00）
    * 荷兰常年刮风下雨，阴晴不定，可能会让人心情变糟（适合喜欢下雨的人居住）
    * 一年四个学期，考试频繁，学业比较大
    * 若想获得永居，可能需要学习荷兰语，并且很多路标、超市商品名等均为荷兰语
    ",null,2,"[{'录取时间': '23fall', '录取结果': 'AD', '学校（档次）': '陆本Top15', '本科专业': 'CS', 'GPA/Rank': '3.9/4.0', '科研经历': '1段校内；1段海外', '实习经历': '2段国内大厂', '其他（语言/推荐信）': 'T105'}, {'录取时间': '23fall', '录取结果': 'AD', '学校（档次）': '陆本Top15', '本科专业': 'CS', 'GPA/Rank': '3.84/4(91)', '科研经历': '1段校内', '实习经历': '1段国内中大厂', '其他（语言/推荐信）': 'T108; G330'}]","* 如果不要申请奖学金，可以不用提交推荐信
    * 动机信不用写最低要求的1k字也可以被录取（如果你觉得1k字太冗余的话）","* GRE写作不卡小分4.0
    * 如果决定要去一定要尽早租房/缴纳TUD的租房服务账单"
UCL DSML MSc,UCL,英国,T1,null,null,null,null,null,null,null,null,null,null,0,null,null,null
UCL ML MSc,UCL,英国,T1,null,null,null,null,null,null,null,null,null,null,0,null,null,null
UvA AI,UvA,欧洲,T1,2 年,EN,MSc Artificial Intelligence,否,是,AMS 奖学金（较难获得）,null,"* 阿姆斯特丹大学在人工智能领域很厉害（csranking 人工智能领域欧洲第四，仅次于瑞士双 E），有 Max Welling 坐镇，带领了一众很厉害的教授，并且和微软合作密切，有几率可以获得微软的工作机会
    * 属于学硕，之后读博更加方便
    * 荷兰获得永居相对容易，找工作也相对容易
    * 只是针对 AI 领域的项目，因此不会强制上一些其它 CS 相关的课
    * 无需占位费（虽然需要在发 offer 后两周内在系统内接受 offer，但后续可以随时从 Studielink 上删除项目。最终是否参加该项目根据是否缴纳学费决定）
    * 学校对中国学生很关心，会专门组织面向国内学生的宣讲会，在国内也有不少社交媒体账号，并且可以通过这些账号快速联系 UvA
    * 学校会帮助被录取的学生办理签证和第一年的住房，不需要自己操心
    * 荷兰本地英语普及率超高，日常交流用英语没有障碍
    * 阿姆斯特丹大学很重视 AI 项目，专门建造了一整栋新楼（LAB42）
    ","* 学费相较于某些欧洲国家较贵（€ 16.500,00）
    * 出 offer 较晚，部分学生会在二月份收到，但多数会在五月份收到（但 5.1 之前就需要寄送纸质成绩单等材料）
    * 荷兰可能过于开放了（街上有 weed 的味道等…，当然这也可能是优点？）
    * 荷兰常年刮风下雨，阴晴不定，可能会让人心情变糟（适合喜欢下雨的人居住）
    * 欧洲衡水之一：一年两个学期，每个学期分为三个小学期，每阶段结束后就要考试。此外荷兰的公共假期较短，很难有时间去远一些的地方旅行
    * 只是针对 AI 领域的项目，就业范围可能会相对有限
    * 在国内可能知名度较低
    * 阿姆斯特丹地区宿舍资源竞争激烈，中国学生第一年会有学校安排宿舍，第二年需要自己找房
    * 若想获得永居，可能需要学习荷兰语，并且很多路标、超市商品名等均为荷兰语
    ",null,1,"[{'录取时间': '23fall', '录取结果': 'AD', '学校（档次）': '陆本Top15', '本科专业': 'CS', 'GPA/Rank': '92.7/100', '科研经历': '1段清北', '实习经历': '1段大厂', '其他（语言/推荐信）': 'IELTS 7.5(6.5), GRE 329+3'}]","* 关于申请时需要填写的本科毕设内容，若尚未开始或尚未完成，可以参考以下邮件回复填写（It is not a problem that your thesis is not completed yet when you submit your application. All we need is a thesis description. If you do not know the topic of your thesis yet, please attach a pdf with how many credits you will receive for your thesis and what techniques you expect to use. In addition, mention the other research program you have worked on. It is good to mention all relevant experience.）","* Datanose 上要求 5.1 之前递交纸质成绩单和在读证明（或学位证书）等，但本项目大部分学生在 5.1 之后才会收到录取结果。但若想要参加，还是需要提前寄送纸质文件。（最好多预留时间，国际快递速度较慢）
    * 关于为什么会有一些学生在 2 月份收到录取：Please note, we pre-selected the students of who we were convinced they will be offered a place. You were one of those students.
    * 似乎不是所有人在收到录取时都会有邮件通知？所以如果看到有人录了的话还是主动去 Datanose 上看看申请状态吧
    * 关于两周内确认 offer 但最终不去的后果，参考官方回复：If you accept the admission offer to any of our Faculty of Science Master programmes and then decline this offer later on there will not be any consequences involved."
Aarhus CS,Aarhus,欧洲,T1.5,2年,EN,Master of Science,否,是,全奖,null,"* 招生人数较少，师生比堪称梦幻（不算本科生 44：270）
    * 当地英语普及率极高
    * 奥胡斯作为大学城当地平均年龄低，年轻人多（学校相关人口占城市总人口1/5）
    * 生活住房成本较低，且校内提供第一年的找房服务（非校内宿舍，类似于学校合作的学生宿舍）
    * 通勤方便，最远自行车15-20min即可
    * 研究氛围好，有机会第二个学期就跟着老师做项目，且拥有独立办公室的那种
    * 课程安排轻松（一周13-15h），有大把的时间来兼职/实习/科研
    * 旁边有IT园区，就业相对轻松（待验证）
    * 第二年有机会转博，且博士岗位较多（70+）","* 学费较高15300欧/年（2023）
    * 学校课程偏理论，缺少开发方面课程
    * 全奖名额较少（4-6个），且只包含学费不包含生活费
    * qs低且有逐步下滑趋势，回国慎选
    * 期末考核方式为口试，需要较强的口语能力（学校会有专门的workshop来训练）
    * 丹麦居留政策较不友好
    
    ",* 比较看重课程匹配,2,"[{'录取时间': '23Fall', '录取结果': 'AD+免学费', '学校（档次）': '陆本top15', '本科专业': 'CS', 'GPA/Rank': '3.35/4.0', '科研经历': '无', '实习经历': '一段大厂', '其他（语言/推荐信）': 'IELTS 6.5'}, {'录取时间': '24Fall', '录取结果': 'AD无奖', '学校（档次）': '同济', '本科专业': 'DS', 'GPA/Rank': '90/100', '科研经历': '1B1C', '实习经历': '两段外企', '其他（语言/推荐信）': 'TOFEL 106 GRE：323+4.0'}]","*申请不太看软背景，可能比较看匹配度
    *丹麦学校对于中国学校的排名看法和中国主流看法有差异，建议查看本校和相关学校有无相关合作","无

* 2024 update：关于转博，有可能对中国学生进行背景审查（详见公众号“丹麦研究中心”2024年3月4日的[文章](https://www.163.com/dy/article/ISHPN05305527UO2.html)）"
CTH CSN,CTH,欧洲,T1.5,2年,EN,Master of Science,否,是,75%,null,"* 学校和各种企业合作很多，软件工程专业好找工作
    * 位于瑞典工业城市哥德堡，信息、汽车产业发达，利于就业
    * CTH在瑞典声誉良好，与KTH不相上下
    * CTH保证学生住宿，不用愁租房子
    * 课程强度较小，可以度过相对宽松的两年","* 哥德堡治安趋于恶化
    * 学费较贵两年320,000SEK
    * 外国人在瑞典职场上升空间有限，当地也存在种族歧视问题。",按主观录取选择标准优先级排序：1.课程匹配度 2.均分 3.工作经验 4.学校排名 5.科研,3,"[{'录取时间': '24Fall', '录取结果': 'AD+75%奖', '学校（档次）': '华五', '本科专业': 'CS', 'GPA/Rank': '3.2', '科研经历': '两段水科研', '实习经历': '无', '其他（语言/推荐信）': 'IELTS 7'}, {'录取时间': '24Fall', '录取结果': 'AD', '学校（档次）': '211', '本科专业': 'CS', 'GPA/Rank': '3.2', '科研经历': '两段水科研', '实习经历': '实习2段工作2年', '其他（语言/推荐信）': 'IELTS 6.5'}, {'录取时间': '24Fall', '录取结果': 'AD', '学校（档次）': '985', '本科专业': 'SE', 'GPA/Rank': '3.6/4 85/100', '科研经历': '一段科研', '实习经历': '中厂实习', '其他（语言/推荐信）': 'IELTS 7.5'}]",课程描述是文书大头，需要认真准备。,"24Fall奖学金的bar没有那么高，或许明年会卷起来

​	上述说的好找工作可能并没有想象的那么好找工作，详见b站CTH在读up主 [**S-WangZ**](https://space.bilibili.com/290415485) 的留学体验分享。进群以后 21/22/23 的学长学姐均表示不太好找实习。"
CTH DSAI,CTH,欧洲,T1.5,2年,EN,Master of Science,否,是,75%,null,"* 数学基础课扎实硬核。
    * 位于瑞典工业城市哥德堡，信息、汽车产业发达，利于就业，去沃尔沃、爱立信、阿斯利康等企业实习机会很大，在瑞典独一档（总部都设在哥村了）。
    * CTH在瑞典声誉良好，与KTH不相上下，校友多且分布广泛。
    * 城市沿海，一小时内可以去海岛、森林，交通便利，风景优美。
    * Workload相对比较小。","* 哥德堡治安趋于恶化。（补充：治安相对欧洲其他城市还是强的多的）
    * 学术资源不足，在传统的CV/NLP中资源短缺，未来想做纯AI研究不建议来这里，目前在AI领域只有Simon/Rocio在做与AI+分子模拟/制药等工作。
    * 课程教学偏向统计，DS相关课程参杂大量过时方法（e.g. 基于规则的对话系统），在AI相关的课程上有些落后于时代。
    * 做研究机会少，想要第二年做1年毕设需要很提前联系导师并且得写proposal，否则读博难。
    ","* 985/211出身的学生，奖学金在此项权重很高
    * 课程匹配度和均分较高的学生
    * 第一志愿的学生",2,"[{'录取时间': '23Fall', '录取结果': 'AD', '学校（档次）': '985', '本科专业': 'CS', 'GPA/Rank': '85', '科研经历': '无', '实习经历': '一段小厂', '其他（语言/推荐信）': 'IELTS 6.5'}, {'录取时间': '24Fall', '录取结果': 'AD', '学校（档次）': '双非', '本科专业': 'CS', 'GPA/Rank': '89', '科研经历': '水文', '实习经历': '一段大厂', '其他（语言/推荐信）': 'IELTS 6.5 企业实习推+课程TA推'}]",null,null
CTH SE,CTH,欧洲,T1.5,2年,EN,Master of Science,否,是,75%,null,"* 学校和各种企业合作很多，软件工程专业好找工作
    * 位于瑞典工业城市哥德堡，信息、汽车产业发达，利于就业
    * CTH在瑞典声誉良好，与KTH不相上下","* 哥德堡治安趋于恶化
    * 学费较贵两年320,000SEK
    * 外国人在瑞典职场上升空间有限，当地也存在种族歧视问题。",按主观录取选择标准优先级排序：1.课程匹配度 2.均分 3.工作经验 4.学校排名 5.科研,1,"[{'录取时间': '23Fall', '录取结果': 'AD', '学校（档次）': '985', '本科专业': 'CS', 'GPA/Rank': '82', '科研经历': '一个水专利', '实习经历': '一段小厂', '其他（语言/推荐信）': 'IELTS 7'}]",课程描述是文书大头，需要认真准备。,"奖学金一般985+85以上均分才有戏，想冲奖学金的建议酌情考虑。
    另外23Fall比起KTH来说CTH没那么卷，是润瑞典的好选择。"
CUHK CS Msc,CUHK,香港,T1.5,null,null,null,null,null,null,null,"* 良好的QS排名，不错的国内名声
    * 相对耗时较短的硕士学位，可以躲避找工困难时期并提升学历
    * 少量成为CUHK Phd机会
    * 离家近，回国方便
    * 东亚胃友好，容易适应，相对安全
    ","* 由于新冠疫情和通胀影响，HK地区CS和商科有着过高的留位费和学费
    * 香港找工很难，极大部分同学回国就业
    * 国内HR逐渐了解HK课程硕士，学历加成有限
    * HK有一定歧视问题，最近越来越好
    ",看重学校title和学分绩,0,null,null,null
CUHK IE,CUHK,香港,T1.5,null,null,null,null,null,null,null,"* 良好的QS排名，不错的国内名声
    * 相对耗时较短的硕士学位，可以躲避找工困难时期并提升学历
    * 少量成为CUHK Phd机会
    * 离家近，回国方便
    * 东亚胃友好，容易适应，相对安全
    ","* 由于新冠疫情和通胀影响，HK地区CS和商科有着过高的留位费和学费
    * 香港找工很难，极大部分同学回国就业
    * 国内HR逐渐了解HK课程硕士，学历加成有限
    * HK有一定歧视问题，最近越来越好
    ",看重学校title和学分绩,0,null,null,null
Edinburgh CS,Edinburgh,英国,T1.5,1年,EN,MSc,否,需要,基本无,null,"* UK最大CS学院，CS研究资源丰富。
    * 选课自由，每个方向都能选，Arch, OS, ML, NLP, CV等
    * 80学分research-based（其中10写research review，10写research proposal，60为thesis）是入门research很好的开始。
    * 有少部分机会可以全奖CS PhD","* UK MSc通病，学制太短
    * 冬天下午就天黑，容易emo",大量陆本录取，意思喜欢EE本科？,1,"[{'录取时间': '21Fall', '录取结果': 'AD', '学校（档次）': '陆本top35', '本科专业': 'EE', 'GPA/Rank': '88/top5%', '科研经历': '两段校内', '实习经历': '无', '其他（语言/推荐信）': 'T95'}]",null,想申PhD的可以self propose毕设，提前联系感兴趣的导师
EIT欧盟奖学金,EIT欧盟奖学金,未分类,T1.5,2年,EN,Master of 看具体项目,是,是,全奖/半奖,有一段summer school,"* 有全奖的机会，可以免除学费。
    * 相比于直接申请，比如KTH或者Aalto之类的学校，该项目有更大的几率上岸，这意味着你可以看看EIT或者Erasmus项目中有没有你的梦校，曲线救国。
    * 毕业后获得两个学校（该项目有入口校和出口校，一个学校上一年，一共读两年）的毕业证，和正常读的同学没有区别（请自行确认该信息的时效性）。
    * 你将在欧洲的多个地区进行学习与交流，因此你将有更多的机会领略欧洲风景与文化。
    * 有一个强制实习，如果自己找不到实习可以去找项目负责人问问，应该可以把你安插到他们的合作公司中去。
    ","* 需要自己支付生活费。目前EIT的全奖仅覆盖学费而没有生活津贴了，所以生活费还需要自己出。
    * 文书方面需要多写一个创新计划书，可能比较麻烦。
    * 支付渠道繁琐。不同于Visa或MasterCard，这个项目是需要你转账的，因此你需要去银行办理国际转账业务，最好去找那种有专门负责国际业务的大型银行。
    ",本科专业匹配度和你的成绩基本能够决定你是否录取，创新计划书好好写或许能够锦上添花。,1,"[{'录取时间': '23Fall: 2.8 - 3.30', '录取结果': 'Data Science项目全奖', '学校（档次）': '陆本Top15', '本科专业': 'CS', 'GPA/Rank': '3.94/4.0', '科研经历': '三段校内', '实习经历': '无', '其他（语言/推荐信）': 'IELTS 7.5(6.5), GRE 330+4'}]",null,null
EM欧盟奖学金,EM欧盟奖学金,未分类,T1.5,2年,EN,Master of Computer Science,否,是,每个国家至多有3个奖学金，据观察一般是每个国家两个,本条仅针对BDMA项目,"
    * 多国家游学体验。BDMA可以去三个国家，第一学期比利时，第二学期西班牙，第三学期可以在荷兰、法国、意大利中进行选择。
    * 在欧洲知名度较高，领英上有很多校友
    * 第四学期有一整个学期的实习机会
    * 如果获得奖学金，奖学金非常丰厚，两年一共4.9w欧元的奖学金。涵盖了学费、旅行支出、生活费。详情可见（https://bdma.ulb.ac.be/home/students/tuition-fees-scholarships/）
    * diversity很高，可以跟来自亚洲、非洲、美洲、欧洲的同学一起交流，开拓眼界","
    * 学校排名不高，回国后认可度存疑
    * 需要多次搬家，稍微有些麻烦
    * 由于游学性质，不利于在当地建立connection
    
???+ abstract ""EM具体项目及体验""

    具体培养方案及课程安排详见官网(https://erasmus-plus.ec.europa.eu/opportunities)。
    
    * SECCLO
    * BDMA
    * LCT","EM的项目非常注重diversity，也就是说，录取非常玄学。由于每个国家3个奖学金名额的限制，是否能拿到奖学金完全由跟你同年申请的竞争者决定，所以奖学金的bar每年浮动会比较大。
    即使背景不算强，也可能拿全奖；即使是大佬，也有可能被竞争者比过。
    这一点有区别于其他项目历年来相对稳定的bar。",1,"[{'录取时间': '23Fall', '录取结果': 'AD全奖', '学校（档次）': '陆本top15', '本科专业': 'IS', 'GPA/Rank': '91.52/100，top5%', '科研经历': '2段校内', '实习经历': '2段小厂', '其他（语言/推荐信）': 'T111，G324+4'}]",null,null
HKU CS Msc,HKU,欧洲,T1.5,null,null,null,null,null,null,null,"* 良好的QS排名，不错的国内名声
    * 相对耗时较短的硕士学位，可以躲避找工困难时期并提升学历
    * 少量成为HKU Phd机会
    * 离家近，回国方便
    * 东亚胃友好，容易适应，相对安全
    ","* 由于新冠疫情和通胀影响，HK地区CS和商科有着过高的留位费和学费
    * 香港找工很难，极大部分同学回国就业
    * 国内HR逐渐了解HK课程硕士，学历加成有限
    * HK有一定歧视问题，最近越来越好
    ",看重学校title和学分绩,0,null,null,null
HKUST BDT,HKUST,香港,T1.5,null,null,null,null,null,null,null,"* 良好的QS排名，不错的国内名声
    * 相对耗时较短的硕士学位，可以躲避找工困难时期并提升学历
    * 少量成为HKUST Phd机会
    * 离家近，回国方便
    * 东亚胃友好，容易适应，相对安全
    ","* 由于新冠疫情和通胀影响，HK地区CS和商科有着过高的留位费和学费
    * 香港找工很难，极大部分同学回国就业
    * 国内HR逐渐了解HK课程硕士，学历加成有限
    * HK有一定歧视问题，最近越来越好
    ",看重学校title和学分绩,0,null,null,null
HKUST IT,HKUST,香港,T1.5,null,null,null,null,null,null,null,"* 良好的QS排名，不错的国内名声
    * 相对耗时较短的硕士学位，可以躲避找工困难时期并提升学历
    * 少量成为HKUST Phd机会（极少）
    * 离家近，回国方便
    * 东亚胃友好，容易适应，相对安全
    * 生活成本高
    ","* 由于新冠疫情和通胀影响，HK地区CS和商科有着过高的留位费和学费
    * 香港找工很难，极大部分同学回国就业
    * 国内HR逐渐了解HK课程硕士，学历加成有限
    * HK有一定歧视问题，最近越来越好
    * 课程内容相对轻松，与本科课程重合度较高，适合想转码或者有码基础的管理人才就读（港校老师原话）
    ",看重学校title和学分绩,0,null,null,null
KU CS,KU,欧洲,T1.5,2年,EN,Master of Science,否,是,全奖,null,"* 学费 EUR 7,390一学期
    * 哥哈CS在NLP和理论算法方向很强，CV方面有Serge Belongie大佬坐镇
    * 可参考此[学习体验](https://zhuanlan.zhihu.com/p/495418502)
    * 可以上隔壁DTU以及ITU的课来转学分（但是校区距离较远）
    * 有第二年奖学金（学费+生活费）官网原话 In 2022 the fee-paying students who were awarded this scholarship had a GPA of 10.5 or higher on the Danish grading scale.
    * 课程安排以machine learning为主，适合想要学习machine learning相关topic的学生","* 课程偏理论，第一学期的课(Advanced Programming)反应很难
    * 物价成本高，租房困难
    * 奖学金带生活费但门槛极高，官网原话 In 2021 the recipients of the scholarships had a GPA of more than 95%.",#NAME?,2,"[{'录取时间': '23Fall', '录取结果': 'AD', '学校（档次）': '陆本top15', '本科专业': 'CS', 'GPA/Rank': '3.35/4.0', '科研经历': '无', '实习经历': '一段大厂', '其他（语言/推荐信）': 'IELTS 6.5'}, {'录取时间': '23Fall', '录取结果': 'AD', '学校（档次）': '海本', '本科专业': 'SE', 'GPA/Rank': '3.4/4.0', '科研经历': '无产出一段', '实习经历': '一段车企', '其他（语言/推荐信）': 'IELTS 6.5'}]","* 需要提交本科课程描述（根据其要求来填写表格）
    * 不需要PS/推荐信，需要CV","以下发言源自笔者潜水KU CS群中一位学长（如有冒犯请第一时间联系并删除）

    系统论证下对硕士而言，DTU CS > KU CS：

    1.如果你要留欧洲工作，DTU认可度＝KU，DTU开课更多，课程更贴近就业，胜 

    2.如果你要回国工作，KU排名略高于DTU，但是鉴于你花了太多时间上没用的课（advanced programming, advanced algorithm and data structure, advanced computer system）这三门必修课对你就业没啥用，限制性选修的课也大部分没啥用，你没时间学开发知识，而DTU课程设置贴近开发，课程简单有助于你节省时间去实习，两年后，DTU毕业的你会强得多，足以克服排名不如KU的缺点 

    3.你想读博，DTU有special course ，老师很愿意带你科研，有希望发文章，不用把时间花在没用的课上，你又因此有更多的时间科研，胜 总结 去DTU"
LMU Informatics,LMU,欧洲,T1.5,2年,German,Master in Computer Science,否,是,德意志奖学金,null,"* 相对于其他德国学校给分较高，挂科率更低
    * 在ML/AI/CV方向比较有竞争力
    * 与工业界联系紧密，毕业后有很好的工作机会，并且作为精英项目也有很好的读博机会
    * 免学费（随着TUM开始收学费，巴伐利亚的其他学校很快也会开始收取学费。Master约 2-6k €/学期）
    * 德国工资相对其他欧盟国家较高，且毕业后工作两年就可申请德国永居
    * 慕尼黑环境较为安全，在欧洲腹地到处游玩都很方便
    ","* 德国项目需要提前预约APS审核
    * 虽然课程有很多是英语教学，但入学需要德语证书
    * 慕尼黑是德国生活成本最高的城市，房源少而贵
    * 计算机学院小而精，选修课较少","* 要求计算机科学相关背景，需要课程匹配度
    * 入学需要参加简易入学测试
    * GPA85+",1,"[{'录取时间': '24Winter', '录取结果': 'AD', '学校（档次）': '陆本双非', '本科专业': 'CS', 'GPA/Rank': '88/100', '科研经历': '无', '实习经历': '一段', '其他（语言/推荐信）': 'TestDaf4433'}]",* 更多信息可以参看官网：https://www.ifi.uni-muenchen.de/index.html,null
NTU Cyber Security,NTU,新加坡,T1.5,1.5年,EN,Master of Science in Cyber Security,是,非必要,奖学金基本只针对新加坡人,null,"* QS排名10出头，优异的国内名声
    * 提供工业界实习机会，提高找工几率
    * 东亚胃非常友好，花园城市
    * 几乎不用考虑安全问题
    * 热带气候（这取决于你喜不喜欢）
    * 如果能得到工签，移民相对不算困难    
    ","* 58,000新币(含消费税)的学费，相当高昂(接近30wRMB)
    * 受到经济形势影响，新加坡找到国际大厂工作难度很高，不少同学选择回国
    ",有相关工作经验者优先,0,null,"* 系统不需要给老师发邮件填写推荐信，但有自己提交推荐信的地方
    * 实习经历不算在工作经历之内（请注意！）","* MSCS这个名字谁也想不到是Cyber Security
    * 需要提交留位费5000新币（对于香港来说相对友好）"
NTU MSAI,NTU,新加坡,T1.5,1～1.5年,EN,Master of Science in Artificial Intelligence,否,非必要,奖学金基本只针对新加坡人,null,"* QS排名10出头，优异的国内名声
    * 有一定成为NTU Phd的机会
    * 东亚胃非常友好，花园城市
    * 几乎不用考虑安全问题
    * 热带气候（这取决于你喜不喜欢）
    * 如果能得到工签，移民相对不算困难
    ","* 58,644新币(含消费税)的学费，相当高昂(接近30wRMB)
    * 受到经济形势影响，新加坡找到国际大厂工作难度很高，不少同学选择回国
    ","无明显趋势，个人体感更看重学校档次和GPA
    或者有相关行业经验",0,null,"* 系统不需要给老师发邮件填写推荐信，但有自己提交推荐信的地方
    * 实习经历不算在工作经历之内（请注意！）",* 需要提交留位费5000新币（对于香港来说相对友好）
NTU MSDS,NTU,新加坡,T1.5,1.5年,EN,Master of Science in Data Science,是,非必要,奖学金基本只针对新加坡人,null,"* QS排名10出头，优异的国内名声
    * 提供工业界实习机会，提高找工几率
    * 东亚胃非常友好，花园城市
    * 几乎不用考虑安全问题
    * 热带气候（这取决于你喜不喜欢）
    * 如果能得到工签，移民相对不算困难
    ","* 58,000新币(含消费税)的学费，相当高昂(接近30wRMB)
    * 受到经济形势影响，新加坡找到国际大厂工作难度很高，不少同学选择回国
    ",有相关工作经验者优先,0,null,"* 系统不需要给老师发邮件填写推荐信，但有自己提交推荐信的地方
    * 实习经历不算在工作经历之内（请注意！）",* 需要提交留位费5000新币（对于香港来说相对友好）
NUS Mcomp,NUS,新加坡,T1.5,1.5 年,EN,Master of Computing(Computer Science Specialisation),否,不必要,几乎只针对新加坡公民,null,"* QS排名10出头，优异的国内名声
    * 有一定几率成为NUS Phd
    * 东亚胃非常友好，花园城市
    * 几乎不用考虑安全问题
    * 热带气候（这取决于你喜不喜欢）
    * 如果能得到工签，移民相对不算困难    
    ","* 51,000（不含8~9%消费税）的学费，相对高昂
    * 受到经济形势影响，新加坡找到国际大厂工作难度很高，不少同学选择回国
    ",无明显趋势，个人体感更看重学校档次和GPA,1,"[{'录取时间': '23fall', '录取结果': 'AD', '学校（档次）': '陆本Top15', '本科专业': 'CS', 'GPA/Rank': '3.84/4(91)', '科研经历': '一段校内', '实习经历': '一段国内中大厂', '其他（语言/推荐信）': 'T108; G330'}]","* 申请general track 不是必须要提交GRE成绩
    * 成绩单需要提交前7个学期的",* 需要提交留位费5000新币（对于香港来说相对友好）
TUE CS,TUE,欧洲,T1.5,2年,EN,MS,否,是,10000欧,null,* 发offer早，过期晚，适合拿来做保底,"* Edinhoven找房子非常困难，找不到学校会退学费
    * 申请手续复杂，需要论文摘要/资产证明和线下转账",2TU似乎会卡国内211，不过对于符合门槛的似乎很低,1,"[{'录取时间': '24fall', '录取结果': 'AD', '学校（档次）': '华五', '本科专业': 'CS', 'GPA/Rank': '3.2', '科研经历': '2段校内', '实习经历': '无', '其他（语言/推荐信）': 'IELTS7(6), 两封校内老板'}]","* 资产证明和转账很麻烦 需要提前准备
    * 对奖学金有期望的需要较早完成申请，以2023为例，申请期限大概在4月底左右，只有2月前的申请会被考虑奖学金",* 可能被学校要求补课
UCL CGVI,UCL,英国,T1.5,1年,EN,Msc,否,null,null,null,"* 优异的QS排名和国内名誉，CG方向有不错的老师
    * 伦敦是一个美丽且富有人文气息的城市，找工和实习机会相对更为丰富
    ","* 35000英镑的学费+伦敦高昂的生活成本
    * UK找工作有一定难度，许多同学选择回国工作
    ",null,1,"[{'录取时间': '23fall', '录取结果': 'AD', '学校（档次）': '陆本Top15', '本科专业': 'CS', 'GPA/Rank': '3.9/4.0', '科研经历': '1段校内；1段海外', '实习经历': '2段国内大厂', '其他（语言/推荐信）': 'T105'}]",null,null
UCL CS Msc,UCL,英国,T1.5,null,null,null,null,null,null,null,null,null,null,0,null,null,null
UH CS,UH,未分类,T1.5,2年,EN,Master of Science,否,是,半奖/全奖/全奖+5000€,null,"* 论文质量非常扎实
    * 相对于Aalto更低的门槛
    * 选课非常自由，不同track仅有几门必修课的区别
    * 有北欧为数不多的一个NLP组，虽然在数字人文系下面",* 芬兰当地经济/实习状况一般,null,1,"[{'录取时间': '23Fall', '录取结果': 'AD', '学校（档次）': '陆本top15', '本科专业': 'CS', 'GPA/Rank': '3.35/4.0', '科研经历': '无', '实习经历': '一段大厂', '其他（语言/推荐信）': 'IELTS 6.5'}]","* 填写表格相对其他学校复杂
    * 不需要申请费
    * 需要在学信网上做成绩单验证，如果已经毕业，还需要做学位认证","第二年可以开始进组做RA,一般路径为暑期实习留用。"
UH DS,UH,未分类,T1.5,2年,EN,Master of Science,否,是,全奖/半奖,null,"    - 生活
        - 赫尔辛基地区生活成本并不高，超市肉蛋奶价格基本持平国内，蔬菜水果略贵；
        - 芬兰有非常好的学生福利，学生餐只要2.95欧，首都地区的学生公寓单人Studio在600欧左右，Shared Apartment只要400欧左右，公共交通/火车都有学生价；
        - 赫尔辛基非常干净整洁，自然环境极其好；
    - 学习
        - 赫大选课非常自由，必修课少，以DS项目为例，120学分中只有20学分必修课，其他可以跨专业/跨学校选课，笔者就在阿尔托大学修了一门课；
        - 上课基本没有出勤要求，笔者第一学期后基本很少去教室，基本在家或图书馆（[赫大中心校区的图书馆](https://maps.app.goo.gl/AiNYrGEAFDydHGC46)非常Nice)；
        - 赫大CS系的课程难度不大，比较容易拿到高GPA；
    - 科研
        - 学术方面，阿尔托以及赫大的CS系主要以做Bayesian machine learning为主，实力不俗；
        - CS系每年年初会发布暑期的带薪RA机会，很多人通过RA之后留组读博；
        - NLP方面的research，赫大其实有一个还不错的NLP组，不过它并不在Kumpula校区Faculty of Science下的Department of Computer Science，而是在City Center校区Faculty of Art下的Department of Digital Humanities;
        - 前几年，阿尔托、赫大和VTT成立了Finnish Center for Artificial Intelligence (FCAI)，每年会通过这个招收不少PhD；
        - 如果从事AI，芬兰有非常的计算资源，Finnish IT Center for Science (CSC)拥有大量的计算资源，目前主要的三个计算集群，Puhti (96 Nvidia V100 GPUs)、Mahti (48 Nvidia A100 GPUs)、Lumi (10240 AMD Radeon Instinct MI250X GPUs，欧洲最快的超算)，2025年还将投入使用的Roihu，会配备528个Nvidia GH200 GPU","- 生活
        - 芬兰的气候比较极端，冬天长，11月到1月日照少，有的人会感觉不舒服，但因人而异；
        - 中餐馆质量不行🙃；
      - 学习
        - 赫大CS系还是比较小，在欧洲不算第一梯队，课程简单，所以不要期待从课堂学到太多知识；",null,1,"[{'录取时间': '2023', '录取结果': 'AD全奖', '学校（档次）': '985', '本科专业': 'CS', 'GPA/Rank': '85', '科研经历': 'None', '实习经历': '1段小公司', '其他（语言/推荐信）': '雅思6.5'}]",需要CHESICC成绩单认证,null
University of Heidelberg DCS,University,欧洲,T1.5,null,null,null,null,null,null,null,"* 学校环境优美
    * 学校综合排名不错
    * 德国居留政策好
    ","* 租房难
    * 作业多
    * 对于陆本学生，需要 APS 审核
    * 方向较少
    ",* 比较看重课程匹配,0,null,"* 通过 [heiCO 平台](https://heico.uni-heidelberg.de/) 进行申请
    * 申请的时候不用交 APS 证书，录取后确认 offer 再交即可
    * 貌似不用交动机信、推荐信、课程描述等
    * 高中毕业证需要翻译公证",null
CTH CAS,CTH,欧洲,T2,null,null,null,null,null,null,null,"* 瑞典良好的找工环境
    ","* 对于打算回国的，查尔姆斯理工知名度不高，慎选
    ",null,1,"[{'录取时间': '23Fall', '录取结果': 'AD', '学校（档次）': '陆本top15', '本科专业': 'CS', 'GPA/Rank': '3.35/4.0', '科研经历': '无', '实习经历': '一段大厂', '其他（语言/推荐信）': 'IELTS 6.5'}]",null,null
DTU AI,DTU,欧洲,T2,2年,EN,Master of Science,否,是,null,null,null,null,null,0,null,null,null
DTU CS,DTU,欧洲,T2,2年,EN,Master of Science,否,是,null,null,"
    * 地处哥本哈根，有最密集的IT产业。但似乎丹麦有很多不同行业的（含金融银行，传统工业，能源等）也有IT的需求。",null,2024 Fall Update: 众所周知，DTU 国际招生处领导层更替，从点击就送变成卡均分 85。据观察，85及以上的无论学校背景（含双非）基本收到了offer，85-的基本无论学校背景都是WL。,3,"[{'录取时间': '23Fall', '录取结果': 'AD', '学校（档次）': '陆本top15', '本科专业': 'CS', 'GPA/Rank': '3.35/4.0', '科研经历': '无', '实习经历': '一段大厂', '其他（语言/推荐信）': 'IELTS 6.5'}, {'录取时间': '24Fall', '录取结果': 'waiting list', '学校（档次）': '华五', '本科专业': 'CS', 'GPA/Rank': '3.2', '科研经历': '两段水科研', '实习经历': '无', '其他（语言/推荐信）': 'IELTS 7'}, {'录取时间': '24Fall', '录取结果': 'waiting list', '学校（档次）': '211', '本科专业': 'CS', 'GPA/Rank': '3.2', '科研经历': '两段水科研', '实习经历': '实习2段工作2年', '其他（语言/推荐信）': 'IELTS 6.5'}]",null,24Fall疑似变卷，卡GPA85
FAU AI,FAU,欧洲,T2,null,null,null,null,null,null,null,"* 课程设置较合理
    * 免学费（随着TUM开始收学费，巴伐利亚的其他学校很快也会开始收取学费。Master约 2-6k €/学期）
    ","* 难租房，学校不会管这件事
    * 排名低，回国慎选
    ",null,0,null,null,null
NUS CE,NUS,新加坡,T2,1～1.5年,EN,Master of Science (Computer Engineering),可选择,非必要,奖学金基本只针对新加坡人,偏向EE方向,"* 学校层次、环境、花费，移民、人生安全类似cs学院的NUS Mcomp项目
    * 由于该专业属于cde学院，因此课程还是与传统cs的项目有一定差距，会涉及EE相关的课程较多。
    * 如果想走人工智能方向的话，个人还是推荐尝试。
    * 作为 NUS Mcomp的替补，CE可以拿来保底","* 本专业同学还是以拿硕士文凭为主，课程要求也是培养CE相关的工程师为主，搞研究还是要自己努力
    * 由于是名校的项目，CE还是有转phd的可能性
    * 回国还是毕业的主流
    * 新加坡的物价又涨了。。。",主要看重GPA和学校，如果求稳妥的话，建议学校背景为211以上。,0,null,null,需要提交留位费5000新币（对于香港来说相对友好）
NUS DSML,NUS,新加坡,T2,1年,EN,Master of Science (Data Science and Machine Learning),可选择,非必要,奖学金基本只针对新加坡人,DSML,"* 学校层次、环境、花费，移民、人身安全类似cs学院的NUS Mcomp项目
    * 本项目有提前批，如果顺利的话8-9月就能拿到offer
    * 作为 NUS Mcomp的替补，CE可以拿来保底","* 留位费比较高
    * 时长只有1年，相比Mcomp来说短一点
    * 新加坡的物价又涨了。。。",主要看重GPA和学校，如果求稳妥的话，建议学校背景为211以上。,4,"[{'录取时间': '2023.08.15', '录取结果': 'AD', '学校（档次）': '浙江大学', '本科专业': '？', 'GPA/Rank': '89', '科研经历': '无', '实习经历': '无', '其他（语言/推荐信）': '无'}, {'录取时间': '2023.08.15', '录取结果': 'AD', '学校（档次）': '上海财经大学', '本科专业': '数据科学', 'GPA/Rank': '3.66/4', '科研经历': '无', '实习经历': '无', '其他（语言/推荐信）': '托福99'}, {'录取时间': '2023.08.15', '录取结果': 'AD', '学校（档次）': '上海纽约大学', '本科专业': '计算机科学，double major数据科学', 'GPA/Rank': '3.72/4', '科研经历': '3', '实习经历': '1', '其他（语言/推荐信）': '托福111(25)'}, {'录取时间': '2023.08.15', '录取结果': 'AD', '学校（档次）': 'NUS', '本科专业': '', 'GPA/Rank': '4.3/5', '科研经历': '', '实习经历': '4', '其他（语言/推荐信）': '一段助教'}]",null,需要提交两笔留位费，第一笔八月底，第二笔次年1月，每笔5000新币
SMU MITB,SMU,新加坡,T2,1-2 年,EN,MITB Tracks （Master of IT in Business）,是,可选,only for 新加坡人,转码好项目！！！,"* 对于非cs的或者希望转AI方向的人比较友好
    * 由于SMU是商科学校，因此自带实习，对于想要留在新加坡的同学有很大帮助。
    * SMU的校友资源很强大，对于找工十分友好
    * 学校的管理层效率高，很友善，可以避免很多离谱事件发生
    * 老师看得出来是真心愿意好好教学，并且支持搞科研
    * 转phd比其他NUS或者NTU项目要更加smooth一些，个人能力的影响因素占主要，适合愿意搏一搏的同学
    * 课程安排的内容良好，并且教的知识都是比较前沿工业界的，同样也是方便找工人群","* QS 排名劣势，但是在新加坡本地认可度很高，但回国可能选择受限
    * 由于新加坡生活cost进一步上升，预算要提高
    * 新加坡地方小，可能有些同学会无聊
    * 个人能力的影响因素较大，如果没有做好充分找工或者以此为跳板找phd，个人建议还是选名气大学校",主要看学校和成绩，无海本优势。（当然本地生肯定最好）,0,null,"1. 有面试，注意面试准备
    2. 需要GRE成绩，大约313左右
    3. 要交留位费",null
TU Graz CS,TU,欧洲,T2,2年,EN,"Diplom-Ingenieur (Dipl.Ing. or DI),等于 Master of Science (MSc)",否,是,额外奖学金（较难申请）,null,"* 免学费，一学期只要762欧元团结费+学生会费
    * 开设科目众多，课程选择面大
    * 最靠近东欧的CS高校，方便享受东欧的旅游资源
    * 可以自由选择入学时间，学位保留一年，如23winter录取可以自由选择是23winter入学还是24summer入学
    * 高CSrankning低bar，学校注重科研方面培养，有丰富的实验室资源可供使用（已知有个ETH的组内phd来自ETH，EPFL，TUD以及TUGraz）
    * 城市生活成本低
    * 有由当地工业协会提供的额外奖学金（一年8000欧），申请到之后可以很方便于业界交流（申请较难，优先考虑东欧学生）
    ","* 招生人数少，一学期仅有40个
    * 需要APS审核，过程较为繁琐
    * 英语普及率较低
    * 学期时间同德国，为夏，冬季入学，较为不方便同其他国家同学约旅行（以及天然没有复活节假期，在春假范围内）
    * qs排名极低，考虑回国慎选
    ",null,0,null,"填写课程匹配表格相对繁琐
    需要根据提供的课程清单草拟一份想选的课程（但是不会对实际录取产生影响）",null
TU Wien CS,TU,欧洲,T2,2年,EN,Master of Science,null,是,null,null,"* 学费开销低廉，名义上免学费，一学期大概只花七八百欧的注册费
    * 维也纳宜居
    ","* 知名度低
    * 陆本学生需要 APS 审核，过程繁琐
    * 申请时所有材料只能通过邮寄的方式，没有网申渠道，非常麻烦
    * 2023 年底之前中国大陆地区不能做海牙认证，因此申请材料如成绩单、毕业证学位证等需要翻译 + 公证 + 领事双认证。花费高，而且等待时间长
    ",null,0,null,* 不能网申！一切材料只能通过纸质邮寄！确保在申请截止时间之前递交所有申请文件,* 必须拿到毕业证后才能申请，没有条件录取
University of Vienna DS,University,欧洲,T2,2年,EN,Master of Science,null,是,null,null,"* 学费低廉，名义上免学费，实际上每学期只需交 750 欧左右的注册费
    * 维也纳宜居
    ","* 知名度不高
    * 课业压力偏大
    * 对于陆本学生，需要 APS 审核，过程繁琐
    * 对于陆本学生，申请需要成绩单、毕业证等文件进行翻译 + 公证 + 领事认证，耗时长，花费高，麻烦
    * 每年只有 40 个名额
    ",null,0,null,"* 申请网站为：[uspace](https://uspace.univie.ac.at)
    * 对于成绩单之类的文件，上传领事认证后的公证书即可
    * 本项目官网上有提供动机信格式",null
Uppsala CS,Uppsala,欧洲,T2,2年,EN,Master of Science,否,是,null,null,null,null,null,0,null,null,null
UvA&VU CS,UvA&VU,欧洲,T2,2年,EN,Master of Science,否,是,有（较难）,null,"* 23-24学年学费：15580欧，生活费每月1000欧（学校建议1000欧，个人建议按1200准备）
    * 地处荷兰首都阿姆斯特丹，方便实习找工
    * 项目注册通过VU，VU提供第一年的找房服务，覆盖35%的国际新生，拿到offer后尽快缴纳500欧元的住房服务费，并加入排房list
    * 荷兰移民需要连续居住5年，通过融入考试（包括荷兰语），最后一年持有非临时签证（工作签证）
    * 硕士2年+工作3年就能拿荷兰永居/入籍
    * VU&UvA Master of Computer Science有5个方向：https://vu.nl/en/education/master/computer-science
        * Big Data Engineering
        * Foundations of Computing and Concurrency
        * Computer Systems and Infrastructure
        * Systems for Large-Scale Applications
        * Software Engineering and Green IT    
    * Minix操作系统、Python语言诞生地，Dijkstra在此获得博士学位，两校研究水平较高。
    * 课程内容与时俱进，每年根据最新技术进行课程改革，保证技术知识的时效性。
    
    * 读博有待补充","* 租房难
    * 荷兰官方语言为荷兰语，大多数超市商店内都为荷兰语，没有英语国家生活方便。",首先是课程匹配度，其次是均分，有很多跨专业的小伙伴也申上了。,2,"[{'录取时间': '2022年12月18日', '录取结果': 'ad', '学校（档次）': '985', '本科专业': '计算机科学与技术', 'GPA/Rank': '85.6', '科研经历': '无', '实习经历': '小厂', '其他（语言/推荐信）': 'IELTS 6.5(6)'}, {'录取时间': '2022年11月21日', '录取结果': 'ad', '学校（档次）': 'TOP15(CS&SE A+)', '本科专业': '软件工程', 'GPA/Rank': '85', '科研经历': '国家重点实验室', '实习经历': '芯片中厂', '其他（语言/推荐信）': 'IELTS 7.0(6.5)'}]","* 学校会给一个word模板，照着填就行，最后转成pdf提交。
    * 准备内容：CV/动机信/课程描述/英语学术写作材料
    * 不需要推荐信，社恐选手狂喜
    * 23fall 雅思要求已经改为6.5(6.5)","* 无留位费，第一年学费+生活费在4-6月办签证时交。
    * 拿到offer决定去的话，第一时间交钱排房。"
IPP DSAI,IPP,欧洲,TX,null,null,null,null,null,null,null,"* 高排名（2023 QS 49) 而门槛相对很低
    * 师资强大，授课教授人均千引
    * 开课广而深，适合深造
    * 地处帕莱索高原，毗邻Sacaly等科研单位，科研资源丰富，离市中心也不太远
    * 花费相对较低，学费不到2w€
    * 项目包括一年级实习/两个学期内project，经历多
    * 研究导向，但问coordinator就业的学生也很多
    * 法国居留政策很宽松
    * M1大概不到100人
    ","* IPP19年成立，高排名但知名度有限
    * IPP塑料联盟，在行政方面作为其硕士会遇到不少困扰
    * Workload非常大，第一年需要修约20门专业课
    * 法国学制中，第一年升第二年需要再次申请，按说修够学分就行但有风险
    * IPP和Inria，法国国防部等单位合作密切，相关实习多需要zrr审查，对于七子学生风险很大
    * 宿舍紧张，硕士一般需要自己找房
    * 法国的英语环境较差 行政/实习不会法语阻力较大
    ",样例很少，体感985 80+都可以试试,1,"[{'录取时间': '23Fall', '录取结果': 'AD', '学校（档次）': '陆本top15', '本科专业': 'CS', 'GPA/Rank': '3.6/4.0', '科研经历': '一区二作', '实习经历': '无', '其他（语言/推荐信）': 'IELTS 7'}]","* 需要邮箱提交两份推荐信
    * IPP 可以申请多个项目，其中IGD有不少类似的课程（因为主管单位相同），MPRI做Theory，bar很高
    * 有对应的PhD Track，可以两年后选择继续读PhD，且项目安排更舒服/有钱，但需要面试竞争较大
    * 本科毕业一般申请M1，但M2也接受申请","* 法国学制特殊，第一年M1结束后需要申请M2，读完M2才有学位，也可以换个M2读
    * 法国高等教育中，工程师地位较高，作为英语硕士体验相对较低
    * 第一年完成后需要一段实习/科研，并进行一次小答辩
    * 项目/学校很新，不便之处与可取之处都很强，风险偏好型同学可以考虑投资"
KAIST CS,KAIST,日韩/其他,TX,2年,EN,M.S./硕博连读,否,是,国际学生有丰富的奖学金机会,null,"* 良好的世界排名，不断上升的国内名声
    * 科研导向的硕士，KAIST在AI方面一直能产出有影响力的工作
    * 作为国际学生，有多种奖学金，极大降低留学成本
    * 你可以遇见韩国人中相当聪明/努力的peer
    * 体验韩国文化（如果你不喜欢，这就是一个扣分项）
    ","* 位于韩国大田，不是首尔
    ",需要进行陶瓷，如果教授反馈较好可以提升录取几率。,0,null,null,null
KAUST CS Msc,KAUST,日韩/其他,TX,null,EN,Master of Science (Computer Science),否,可选,全奖,null,"* 科研导向的项目，入读即可进组做research
    * 基本没有开销，7w美元左右奖学金，扣完学费生活费可能还有1~2w到手
    * 不错的住宿的硬件设施
    * KAUST沙特划分了专门的军事区域管理，较为安全
    ","* 新学校，名气相对较弱，但也在快速增长中
    * 沙特禁止喝酒
    ","因为奖学金名额有限，提交申请早的同学非常有竞争优势。

    教授可能更希望选择M.S./Ph.D.（硕博连读）的申请人，直接申请M.S.难度更高。（虽然M.S./Ph.D.项目也可以直接硕士就毕业，没必要接着读博）",1,"[{'录取时间': '23fall', '录取结果': 'AD', '学校（档次）': '陆本Top15', '本科专业': 'CS', 'GPA/Rank': '3.9/4.0', '科研经历': '1段校内；1段海外', '实习经历': '2段国内大厂', '其他（语言/推荐信）': 'T105'}]","* 申请不需要申请费，但需要语言送分
    * 申请完成了也不会发送确认邮件","* 面试第一面是考基本大学数学（微积分，线代，概率论）和计算机（OS,算法）
    * 第二面就是聊天（一面二面更详细内容参考 小红书：饶舜 写的面经）"
Keio GSMG,Keio,日韩/其他,TX,2年,EN/JP,Master of Media and Governance,否,是,申请时没有，入学后可以申请（较少）,null,"* 一年多次申请机会，可以选择 4 月或 9 月入学。语言成绩非常宽松，日本申请不需要提交语言成绩，国外申请可以使用大学外语课成绩单来代替（感觉四六级也可以）
    * 需要套磁，研究型导向，可以留组读博，该校区为 WIDE Project 的创办地点，日本互联网之父村井纯曾为该研究科科长，该研究科在计算机网络方向的研究在日本非常知名
    * 日本有不错的名声，日本求职认可度高
    * 体验日本文化（如果你不喜欢，这就是一个扣分项），相对宽松的永居政策","* 授予的学位并不是 CS 学位，由于是复合研究科，可能需要上一些文科课程
    * 不会日语的话，在日本生活比较麻烦
    * 排名较低
    * 需要套磁教授同意后才能报考，申请需要写研究计划书，并且需要邮寄纸质材料，在日本申请需要线下面试，国外申请只需要提交一个讲解研究计划书的视频
    * 科研水平较低（虽然计算机网络方向该研究科在日本比较有名，但是本身日本CS整体的研究和国际相比就显得非常一般）
    * 湘南藤泽校区位于神奈川县藤泽市，离最近的电车站台需要坐公交，交通不方便",全看你和目标教授有没有缘分，只要教授同意你入学，申请成功概率比较高，录取偏好基本取决于教授个人,0,null,* 需要得到教授的内诺才能提交申请，需要邮寄材料,"* CS 主要集中在 X-Design(XD) 和 Cyber Informatics(CI) 这两个分野，研究方向主要有 AI、Computer Network、HCI 等
    * 警惕海王教授"
Keio IGP,Keio,日韩/其他,TX,2年,EN/JP,Master of Science in Engineering,否,是,申请时没有，入学后可以申请（较少）,null,"* 一年两次申请机会，可以选择 4 月或 9 月入学
    * 相比于该大学其他几个项目，该项目由于包含计算机科学系，教授比较多，方向比较全
    * 需要套磁，研究型导向，可以留组读博，提交申请后没有面试（但是可能套磁的教授会与你有私人面试，面试通过后才会同意你申请）
    * 日本有不错的名声，日本求职认可度高
    * 体验日本文化（如果你不喜欢，这就是一个扣分项），相对宽松的永居政策
    * 矢上校区位于神奈川县横滨市，但得益于日本东京交通复杂的轨道交通，去东京非常方便","* 语言成绩支持提交托福和雅思成绩。但是请注意，该项目强制提交 GRE 成绩
    * 不会日语的话，在日本生活比较麻烦
    * 排名较低
    * 申请需要写研究计划书，需要自行联系教授套磁",全看你和目标教授有没有缘分，只要教授同意你入学，申请成功概率比较高，录取偏好基本取决于教授个人,0,null,* 需要得到教授的内诺才能提交申请，需要邮寄材料,"* 由于日本大学的特殊划分院系的方法，你的意向方向的教授不一定在 情报工学科 (Information and Computer Science)，建议从整个理工学研究科页面检索你感兴趣的教授
    * 警惕海王教授"
Keio KMD,Keio,日韩/其他,TX,2年,EN/JP,Master of Media Design,否,是,申请时没有，入学后可以申请（较少）,null,"* 一年多次申请机会，可以选择 4 月（仅日文项目）或 9 月入学（仅英文项目）。语言成绩比较宽松，英文项目支持托福、托业、雅思成绩，日文项目支持 JLPT N1 成绩
    * 不用陶瓷，研究型导向，可以留组读博，庆应义塾大学在人机交互方向的研究在日本较为知名
    * 日本有不错的名声，日本求职认可度高
    * 体验日本文化（如果你不喜欢，这就是一个扣分项），相对宽松的永居政策
    * 交叉学科，可以转码
    * 可以申请 CEMS 项目（日本只有庆应大学这一所大学的三个研究科有这个项目），有机会第二年出国读一年后获得双学位（本校的媒体设计和合作校的管理学，往年分到的合作校有 LSE）
    * 日吉校区位于神奈川县横滨市，但得益于日本东京复杂的轨道交通，去东京非常方便","* 学费偏贵，在日本私立学校学费也属于最贵的水平（一年200万日元）
    * 授予的学位并不是 CS 学位
    * 不会日语的话，在日本生活比较麻烦
    * 排名较低
    * 申请需要写一份小论文，并且有一次书类选考（根据提交的小论文的质量和个人BG筛选一次），筛选后还有一次面试也会筛选人
    * 科研水平较低（虽然HCI方向庆应在日本比较有名，但是本身日本CS整体的研究和国际相比就显得非常一般）",该研究科对 BG 并不是特别在意，主要看提交的小论文和面试表现,0,null,null,"* 注意 4 月入学仅能使用日语成绩申请，9 月入学仅能使用英语成绩申请
    * 24 年入学的申请人数激增，谨慎报考"
Keio SDM,Keio,日韩/其他,TX,2年,EN/JP,Master of System Design and Management,否,是,申请时没有，入学后可以申请（较少）,null,"* 一年多次申请机会，可以选择4月或9月入学。语言成绩比较宽松，英语成绩或日语成绩任选提交
    * 需要套磁，研究型导向，可以留组读博
    * 日本有不错的名声，日本求职认可度高
    * 体验日本文化（如果你不喜欢，这就是一个扣分项），相对宽松的永居政策
    * 交叉学科，可以转码（？）
    * 日吉校区位于神奈川县横滨市，但得益于日本东京复杂的轨道交通，去东京非常方便","* 学费偏贵，在日本私立学校学费也属于最贵的水平（一年200万日元）
    * 授予的学位并不是 CS 学位，由于是复合研究科，可能需要上一些文科课程
    * 不会日语的话，在日本生活比较麻烦
    * 排名较低
    * 申请需要写研究计划书，需要自行联系教授套磁，并且有一次书类选考（根据提交的研究计划书的质量和个人BG筛选一次），筛选后还有一次面试也会筛选人
    * 科研水平较低",全看你和目标教授有没有缘分，只要教授同意你入学，申请成功概率比较高，录取偏好基本取决于教授个人,0,null,* 需要得到教授的内诺才能提交申请，需要邮寄材料,* 不建议背景为 CS 的同学主力申请，仅建议转码的同学申请
L'X AiViC,L'X,未分类,TX,null,null,null,null,null,null,null,"* 师资强大，M1和X的工程师一起上课，M2的课程会请领域的大牛上课
    * 在3d视觉，计算机图形学方向师资力量非常好，直系领导maks是该领域大牛
    * 地处帕莱索高原，毗邻Sacaly等科研单位，科研资源丰富，离市中心一个半小时轨道交通
    * 项目两年，每年三个学期，每年最后一个学期实习（research oriented），适合后边读博。
    * 法国居留政策很宽松
    * 国际化程度好，同学背景强，M1 18人，4中国人，5俄罗斯人，2埃及人，2意大利人，1挪威人，1美国人，1法国人，1法国+俄罗斯人，1印度人
    * 第一年中国人基本住宿包分配，宿舍在校园内
    * 课程种类多，必修课里包含了体育，人文，管理课
    ","* 隶属于IP Paris，排名高但是法国学校由于不断重组过于混乱
    * X的水平近些年在走下坡路
    * 和工程师一起上课，工程师基础知识很扎实，课程难度上偏高
    * 商科管理课浪费时间，但是是必修
    * 名字是人工智能和先进视觉计算，但是计算机视觉的课在第一年只有一节，有两节是计算机图形学的课，虽然是x非常强悍的方向但是不利于找工作
    * 部分选课课程设置不好，比如有一个section必须三选一，三个课程一个是没人用的古老语言，一个是非常难的信号课，还有一个是基本所有master都会挂的拓扑
    * 授课教师的英语有法语口音，需要时间适应
    * 奖学金m1同专业很多人都有，但是中国人一个都没有
    ",有海外经历的最好，案例比较少，录取很玄学,1,"[{'录取时间': '23Fall', '录取结果': 'AD', '学校（档次）': '海本', '本科专业': 'SE', 'GPA/Rank': '3.4/4.0', '科研经历': '无成果科研一段', '实习经历': '两端', '其他（语言/推荐信）': 'IELTS 6.5'}]","* 推荐信是网推
    * 需要填写对应的personal statement的表格，格式很奇怪，字数要求很变态，只写关键点都不够","* 项目会有面试
    * 一共四轮申请"
TUM CS,TUM,欧洲,TX,1.5-2.5年,EN,Master of Science,否,是,德意志奖学金,null,"* 项目方向众多，选课方向广
    * 系统与LMU互通，可以选LMU的相关课程
    * 慕尼黑纬度低，气候温暖适宜
    * 学校综合排名高，国内名气大，回国认可度更高
    * 公式化录取，申请前基本即可确定能否被录取
    * 不看本科背景，符合要求即录取
    * 德国居留政策好，工作机会多
    * 安全系数高，人身安全得以保证
    * 选课时间自由，哪怕课程时间冲突也可以一起选
    ","* 需要额外强制购买保险，每月120欧左右
    * 从2024年4月开始收学费，Master约 2-6k €/学期
    * 需要APS审核，流程较为复杂
    * 需要GRE成绩，且强制要求writing 4.0
    * 项目人数众多，大锅饭
    * 申请十分卡课程匹配度，其中关于函数式编程与验证的知识很少有陆本学校涉及（详见注意事项）
    * 申请需要提交特定主体论文，1000词以下，较为复杂
    * 容易延毕，但也可能提前毕业。神犇1.5年即可完成学业，大部分2.5年才能
    * 学校为夏季和冬季学期，天然没有复活节假期（于春假重合），不利于和朋友约旅游
    * 慕尼黑房源较紧张，租房成本较高
    ",按照最新的匹配度要求，只要匹配度达标则成绩并不重要。若匹配度不达标则成绩再高也没有用。,1,"[{'录取时间': '23Fall', '录取结果': 'AD', '学校（档次）': 'LMU Munich', '本科专业': 'CS+NLP', 'GPA/Rank': '1.14/1.0', '科研经历': '1段校内', '实习经历': '无', '其他（语言/推荐信）': '论文是英语写的，不用提交英语成绩'}]","* 德国的Informatik/informatic就是计算机科学专业
    * 论文不要用chatGPT写，也不要抄袭",23 winter修改了相应的录取标准，使陆本学生难以通过第一轮筛选; 24 winter该标准再次被修改，使陆本学生更有可能进入下一轮筛选，详见[该文章](https://zhuanlan.zhihu.com/p/599460721)
University of Bonn CS,University,欧洲,TX,2年,EN,master of science,否,否,null,null,"* 免学费，每学期300欧左右的行政费
    * 欧洲少见的以研究为重点的硕士项目，可以类比为香港的Mphil
    * 周围研究所众多，进入研究所以及Phd机会大
    * 波恩风景优美，距离科隆很近，适合电竞观众
    * 生活成本低
    * 德国居留政策友好
    * 安全得以保证
    ","* 学校研究方向较少，只有Algorithmics，Graphics/Vision/Audio，Information and Communication Management以及Intelligent Systems四个方向
    * QS排名低，有回国意向慎选
    * 需要APS，流程复杂
    * 需要fyp为研究型
    ",有研究经历,0,null,需要提交fyp的研究报告，并且需要阅读学校教授的论文并指出自己对哪一方面感兴趣,null
University of Stuttgart CS,University,欧洲,TX,2年,EN,Master of Science,否,是,null,null,"* 学费低，1500欧/学期
    * 周围企业众多，就业环境好
    * 纬度低，气候较为温暖
    * 可视化方向欧洲第一世界第三！！！
    * 招生人数少（官网数据30-40一年），油管上有在读印度老哥表示他同届只有不到20人，相比英授InfoTech项目一届有120人左右，以及德授Informatik一届有80人左右
    * 德国居留政策好
    * 德国英语普及率较低，推荐学习德语
    * 有转学进入TUM，TUB等德国名校的机会
    ","* qs排名低，考虑回国慎选
    * 需要APS，流程相对麻烦
    * 学校方向很少，只有Autonomous Systems，Service Technology 以及Visual Computing 3个方向
    ",null,1,"[{'录取时间': '24ws', '录取结果': 'AD', '学校（档次）': '北京邮电大学', '本科专业': '软件工程', 'GPA/Rank': '86', '科研经历': 'hci方向水科研', '实习经历': '前端切图实习', '其他（语言/推荐信）': '7.5(5.5)'}]",null,null
UTokyo CS,UTokyo,日韩/其他,TX,2年,EN,CS Msc (コンピュータ科学),否,是,null,null,"* 优异的QS排名，国内不错的名声
    * 科研导向，有更多时间科研
    * 体验日本文化（如果你不喜欢，这就是一个扣分项）
    * 相对宽松的永居政策
    ","* 不会日语的话，在日本生活比较麻烦
    ",有着独特的基于考试的选拔机制，具体请参看东京大学官网。,0,null,null,null
UZH AI,UZH,欧洲,TX,null,null,null,null,null,null,null,null,null,null,0,null,null,null
UZH CS,UZH,欧洲,TX,理论两年,EN,Master of Science,否,是,null,null,"* 学费便宜 (< 1k CHF)
    * 苏黎世整体相对安全
    * 可以选ETH的课抵核心课和选修课的学分，能够用上ETH和UZH两边的资源
    * 有五个major，转major和minor都比较自由 (https://www.ifi.uzh.ch/en/studies/msc.html):
        * Information Systems
        * Software Systems
        * People-Oriented Computing
        * Data Science
        * Artificial Intelligence
    ","* 没有强制实习，瑞士实习/工作难度较高
    * 苏黎世生活成本较高
    * 大量同学被要求补本科学分，本科课程难度较高，两年内如果不能补完会被清退
    * 很少有人能2年毕业
    * 2024年排名跌出前100，且有下降趋势
    ","匹配度要求很高，转专业的也有可能拿到offer，但是会被要求补本科学分。
    个人掌握数据也不多，匹配度相比于德国没那么严格。更看重GPA，院校层次。",1,"[{'录取时间': '22Fall', '录取结果': 'AD', '学校（档次）': '211', '本科专业': '计算机', 'GPA/Rank': '85', '科研经历': '一段校内无产出', '实习经历': '一段国内大厂', '其他（语言/推荐信）': '雅思7，推荐信无'}]","课程描述一定要好好写，争取做到不补学分 :)
    ETH开始限制10043了，不知道后续UZH会不会也卡
    UZH是一个major下面会有好几个分支，学位都是信息学硕士。DS,Informatics,AI都是在Informatics下面。",null
UZH DS,UZH,欧洲,TX,null,null,null,null,null,null,null,null,null,null,0,null,null,null
Waseda AO,Waseda,日韩/其他,TX,2年,EN/JP,Master of Engineering,否,是,见下文,null,"* 一年两次申请机会，可以选择 4 月或 9 月入学。英语成绩要求比较宽松，支持托福、托业、雅思成绩
    * 相比于 IPS，该项目由于包含计算机科学系，教授比较多，方向比较全
    * 需要套磁，研究型导向，可以留组读博，提交申请后基本没有面试（但是可能套磁的教授会与你有私人面试，面试通过后才会同意你申请。同时不同系有不同要求，有的系可能有教务面但是很少）
    * 日本有不错的名声，日本求职认可度高
    * 体验日本文化（如果你不喜欢，这就是一个扣分项），相对宽松的永居政策
    * 地处东京，交通便利","* 该项目 9 月入学的第一轮申请申请包含 MEXT 奖学金，但是由于中国不在日本文部省奖学金对象国家列表里，因此中国人不允许提交第一批申请，据说多年前（当时并未标注不允许第一轮申请）的时候有中国人申请并获得奖学金的案例，但是不推荐。入学后可以申请其他奖学金（较少）
    * GRE 成绩为选择性提交，部分教授可能要求必须提交 GRE 成绩
    * 不会日语的话，在日本生活比较麻烦
    * 排名较低
    * 东京生活成本较高
    * 申请需要写研究计划书，需要自行联系教授套磁",全看你和目标教授有没有缘分，只要教授同意你入学，申请成功概率比较高，录取偏好基本取决于教授个人,0,null,* 需要得到教授的内诺才能提交申请，需要邮寄材料,"* 由于日本大学的特殊划分院系的方法，你的意向方向的教授不一定在 情报理工学科 (Computer Science)，建议从整个理工学术院检索你感兴趣的教授，例如机器人方向的教授大部分都在机械系，也有研究 CV 和 NLP 的教授在通信系或机械系
    * 警惕海王教授"
Waseda IPS,Waseda,日韩/其他,TX,2年,EN,Master of Engineering,否,是,较少,null,"* 不需要面试和参加考试，一年多次申请机会
    * 国内和日本有不错的名声
    * 体验日本文化（如果你不喜欢，这就是一个扣分项）
    * 相对宽松的永居政策
    * 日本就业相对容易（？）
    * 凭借英语六级成绩就可以申请（仅限协定校）
    * 门槛较低（如果本科学校是协议校，只要GPA别太差，基本都能录）
    * 协定校的学生，在与校内“指定联系人”取得联系的情况下，可申请 G-Course 或 F-Course
    * G-Course 为协定校的 3+2 项目，本科大四时即可赴日读硕士一年级（同步完成本科毕业设计，需要回国答辩），本科毕业一年后即可获得硕士学位
    * F-Course 为协定校的 1+1 项目，于国内读硕士一年，硕士二年级赴日读研
    * 北九州生活成本较低","* 不会日语的话，在日本生活比较麻烦
    * 排名较低
    * 需要写研究计划书和毕设论文简介，还需要邮寄某些文件，流程比较繁琐
    * 位于北九州郊区，地理位置比较荒凉
    * 不同研究室的导师对学生的要求差异较大（有的很严格，有的纯放养）
    * 排名较低
    * 科研水平较低（对于国内川大，电子科大，上海交通等协议校来的同学可能比较“亏”）","* 非常玄学的选拔机制，录取的同学有GPA3.7的，也有刚超过3.0的。当然在录取上偏向协定校。
    * 据 Waseda IPS 教授介绍，研究计划书及其与实验室工作的契合度是录取过程中最关键的因素，其次才是 GPA。
    * (25fall) 录取概率正在明显降低，目前 985 协定校申请较为容易，211 协定校录取率明显降低。非协定校学生录取率在 25% 以下。",2,"[{'录取时间': '24fall', '录取结果': 'AD', '学校（档次）': '中流211', '本科专业': 'CS', 'GPA/Rank': '前25%', '科研经历': '无', '实习经历': '一段大厂，一段中厂', '其他（语言/推荐信）': '雅思7'}, {'录取时间': '25fall', '录取结果': 'AD (G-Course)', '学校（档次）': '中上985', '本科专业': 'CS', 'GPA/Rank': '前45%，3.6/4.0', '科研经历': '一段校内，有国奖', '实习经历': '无', '其他（语言/推荐信）': 'CET-6 550+，推荐信*1'}]","* 需要写研究计划书和毕设论文简介（G-Course需要写研究计划书 + 本科研究经历）
    * 需要邮寄，其中包括雅思成绩单原件",null
